Filename,Expression Sentiment
elizabeth.9-DJBZ1I4Vw.07.mp4,Positive
donald.3mRDW3X4k9k.01.mp4,Neutral
joe.oM10W_hLaS8.20.mp4,Neutral
elizabeth.wrbtH3y52mU.02.mp4,Neutral
pete.9JuDyoLsdpg.00.mp4,Positive
kamala.uzAdNs8oXZo.02.mp4,Neutral
elizabeth.0Kybc1tWkC4.01.mp4,Negative
andrew.0k9pOXSfy0E.27.mp4,Positive
kamala.a0Kf9YIXSVk.08.mp4,Neutral
amy.HGvqJI2MC6U.14.mp4,Neutral
beto.DXIklJWTn6Y.04.mp4,Neutral
beto.yi3qMl8QwWw.01.mp4,Negative
pete.BVWdUT-4PMw.06.mp4,Positive
kamala.01NsSWa4BLU.00.mp4,Neutral
bernie.NZ_WulgST3U.09.mp4,Neutral
andrew.nDWwRWYP3_U.01.mp4,Positive
kamala.a0Kf9YIXSVk.04.mp4,Negative
julian.mgdXC_k_Kkg.00.mp4,Neutral
donald.QqVYRTHJ8Rw.00.mp4,Positive
amy.DpmOY2m27jY.11.mp4,Positive
pete.xBokmGo4vrg.10.mp4,Positive
donald.h7q5PSYH4Xk.00.mp4,Neutral
amy.IIrv5o2i_Hs.11.mp4,Positive
donald.O9__G3I0Mc0.11.mp4,Neutral
kamala.VKBs2GQNlGw.03.mp4,Positive
andrew.0k9pOXSfy0E.10.mp4,Neutral
elizabeth.9-DJBZ1I4Vw.02.mp4,Positive
amy.9TwHGr4BCkE.05.mp4,Positive
kamala.XiorcQd7tzQ.03.mp4,Negative
julian.QtsE34OY0mw.22.mp4,Neutral
andrew.0k9pOXSfy0E.15.mp4,Neutral
cory.hMR1sGNlHqo.00.mp4,Negative
donald.3bEqkOTJ9eA.22.mp4,Neutral
beto.dzbPwgKsHbY.00.mp4,Positive
donald.MyJ21nxo_QQ.04.mp4,Neutral
julian.QtsE34OY0mw.08.mp4,Neutral
bernie.RPZVxKBLHiw.12.mp4,Negative
andrew.cJrKz9V5Ltg.01.mp4,Neutral
cory.mfkRcqbnZuc.00.mp4,Neutral
andrew.crU72vuhWTk.03.mp4,Neutral
julian.rMKU-5AupA.01.mp4,Positive
elizabeth.h4WIQJtJL6A.10.mp4,Neutral
andrew.0k9pOXSfy0E.25.mp4,Neutral
pete.BVWdUT-4PMw.04.mp4,Neutral
andrew.1wgHzb8Eu9o.00.mp4,Neutral
pete.z85rKK-HoRI.06.mp4,Neutral
julian.UlqLOzIUW_U.23.mp4,Neutral
pete.iJBGlThAQY4.00.mp4,Positive
pete.iJBGlThAQY4.14.mp4,Neutral
beto.yi3qMl8QwWw.00.mp4,Neutral
pete.z85rKK-HoRI.02.mp4,Positive
donald.xa7MY2_pmxU.00.mp4,Positive
amy.9TwHGr4BCkE.19.mp4,Positive
julian.ceYazOAJE28.09.mp4,Neutral
cory.c6aVnXmrlyc.05.mp4,Positive
pete.xBokmGo4vrg.06.mp4,Positive
donald.DIf_vjjmupA.07.mp4,Neutral
andrew.0w8qpKhZR2s.01.mp4,Neutral
joe.nLueIWItvOY.00.mp4,Neutral
elizabeth.h4WIQJtJL6A.07.mp4,Neutral
joe.9rk1CKs548o.00.mp4,Neutral
julian.QtsE34OY0mw.01.mp4,Neutral
amy.9TwHGr4BCkE.10.mp4,Positive
cory.Mu717xfFPVI.08.mp4,Negative
joe.7CQm0D6o9jg.00.mp4,Positive
kamala.01NsSWa4BLU.01.mp4,Neutral
joe.oM10W_hLaS8.10.mp4,Neutral
cory.ZA8dHJ-Q0Eg.00.mp4,Positive
andrew.50aDxO2uscs.30.mp4,Positive
kamala.HU4OMUzZvYc.00.mp4,Neutral
joe.SZbCvfTQdcM.01.mp4,Neutral
julian.UlqLOzIUW_U.19.mp4,Neutral
cory.bvSfBCCJPfg.02.mp4,Positive
cory.1L57pOuUCKQ.03.mp4,Negative
bernie.jNHOwtt2OoE.14.mp4,Neutral
andrew.0k9pOXSfy0E.09.mp4,Neutral
andrew.50aDxO2uscs.13.mp4,Neutral
amy.ov_6JM6Sceg.05.mp4,Neutral
kamala.aTO3DQ-MxIQ.08.mp4,Negative
donald.3bEqkOTJ9eA.23.mp4,Neutral
kamala.2i-gy7dyHz0.05.mp4,Negative
amy.ov_6JM6Sceg.01.mp4,Neutral
amy.9TwHGr4BCkE.13.mp4,Positive
andrew.50aDxO2uscs.31.mp4,Positive
julian.v2HoOdUpigw.00.mp4,Neutral
beto.lMVhL6OOuR0.04.mp4,Neutral
elizabeth.3_Zu30C92CY.04.mp4,Negative
kamala.a0Kf9YIXSVk.14.mp4,Negative
bernie.NZ_WulgST3U.04.mp4,Neutral
bernie.jNHOwtt2OoE.04.mp4,Neutral
pete.u5NzxlSSl-4.05.mp4,Neutral
beto.lMZ1EjVyAAE.03.mp4,Neutral
cory.bvSfBCCJPfg.09.mp4,Negative
pete.L-_IBA1UA3k.01.mp4,Positive
julian.QtsE34OY0mw.20.mp4,Neutral
kamala.a0Kf9YIXSVk.09.mp4,Negative
cory.5PtJqHHB-vY.01.mp4,Negative
cory.iCdmEsRWkx8.02.mp4,Positive
cory.iCdmEsRWkx8.03.mp4,Positive
cory.jaXt8gMKctk.04.mp4,Neutral
donald.QqVYRTHJ8Rw.07.mp4,Positive
andrew.Ln6NhfUZPqQ.03.mp4,Positive
andrew.50aDxO2uscs.23.mp4,Neutral
julian.NZmuLVQB2x4.00.mp4,Positive
joe.0MBydpVL4-k.07.mp4,Positive
donald.MyJ21nxo_QQ.23.mp4,Neutral
andrew.crU72vuhWTk.00.mp4,Neutral
cory.5k8wnrVOnik.19.mp4,Positive
julian.Xg6M6smFXBo.10.mp4,Neutral
beto.dzbPwgKsHbY.24.mp4,Neutral
donald.FEpwkaJQh1k.01.mp4,Neutral
cory.jaXt8gMKctk.05.mp4,Neutral
beto.E5HybqvdaI0.04.mp4,Neutral
elizabeth.9-DJBZ1I4Vw.05.mp4,Positive
elizabeth.ImxvlDSo_ls.00.mp4,Negative
amy.9TwHGr4BCkE.14.mp4,Positive
julian.YhQNm51njZo.00.mp4,Neutral
julian.UlqLOzIUW_U.12.mp4,Negative
amy.DpmOY2m27jY.08.mp4,Positive
beto.1ZG6pku_pWY.20.mp4,Positive
joe.9rk1CKs548o.01.mp4,Neutral
beto.dzbPwgKsHbY.23.mp4,Neutral
beto.E5HybqvdaI0.03.mp4,Neutral
kamala.GRGtnw3Ie14.00.mp4,Positive
kamala.2i-gy7dyHz0.02.mp4,Negative
julian.Xg6M6smFXBo.19.mp4,Negative
pete.u5NzxlSSl-4.35.mp4,Neutral
elizabeth.9-DJBZ1I4Vw.13.mp4,Neutral
kamala.VKBs2GQNlGw.11.mp4,Neutral
amy.HGvqJI2MC6U.24.mp4,Positive
pete.u5NzxlSSl-4.30.mp4,Neutral
joe.SFAHcLh5Dl0.25.mp4,Neutral
andrew.0k9pOXSfy0E.16.mp4,Neutral
bernie.q9W6lkIz8jU.05.mp4,Neutral
bernie.bmsbpmI1Ty4.08.mp4,Neutral
bernie.bmsbpmI1Ty4.17.mp4,Negative
elizabeth.h4WIQJtJL6A.14.mp4,Neutral
amy.HGvqJI2MC6U.16.mp4,Positive
andrew._x7aSxdmZ4E.00.mp4,Neutral
bernie.RPZVxKBLHiw.08.mp4,Positive
bernie.d58HnPWJGCw.01.mp4,Negative
beto.vwu_srxJOWg.01.mp4,Neutral
donald.O9__G3I0Mc0.12.mp4,Neutral
julian.ceYazOAJE28.10.mp4,Neutral
joe.DVv3KGe6sBE.02.mp4,Neutral
kamala.a0Kf9YIXSVk.07.mp4,Positive
julian.QtsE34OY0mw.04.mp4,Neutral
cory.c6aVnXmrlyc.02.mp4,Positive
cory.Mu717xfFPVI.03.mp4,Negative
joe.SFAHcLh5Dl0.24.mp4,Neutral
cory.5k8wnrVOnik.12.mp4,Positive
pete.xBokmGo4vrg.11.mp4,Positive
elizabeth.2YBSzFmtK_s.02.mp4,Neutral
amy.HGvqJI2MC6U.03.mp4,Positive
cory.tRXvQ3PQDiY.03.mp4,Positive
kamala.VKBs2GQNlGw.17.mp4,Negative
beto.dzbPwgKsHbY.40.mp4,Neutral
amy.HGvqJI2MC6U.05.mp4,Neutral
bernie.bmsbpmI1Ty4.11.mp4,Negative
cory.5k8wnrVOnik.21.mp4,Positive
kamala.VKBs2GQNlGw.16.mp4,Neutral
andrew.50aDxO2uscs.20.mp4,Neutral
joe.2UWVO0Trd1c.02.mp4,Negative
cory.-QYyNjaEyEc.00.mp4,Positive
pete.u5NzxlSSl-4.12.mp4,Neutral
andrew.cJrKz9V5Ltg.02.mp4,Neutral
elizabeth.wrbtH3y52mU.04.mp4,Negative
bernie.jNHOwtt2OoE.03.mp4,Neutral
kamala.a0Kf9YIXSVk.16.mp4,Neutral
julian.UlqLOzIUW_U.16.mp4,Neutral
kamala.YsAQfqU7Y2U.04.mp4,Neutral
julian.ceYazOAJE28.02.mp4,Positive
beto.dzbPwgKsHbY.27.mp4,Neutral
joe.oM10W_hLaS8.04.mp4,Neutral
julian.3KzmsMOoP6Y.03.mp4,Positive
amy.MccjYt4GcnA.00.v.mp4,Neutral
joe.Ja7e3tUwdJA.19.mp4,Negative
elizabeth.h4WIQJtJL6A.06.mp4,Neutral
kamala.01NsSWa4BLU.06.mp4,Positive
beto.MdoaVn7gtEI.02.mp4,Neutral
andrew.0k9pOXSfy0E.20.mp4,Positive
cory.bvSfBCCJPfg.11.mp4,Neutral
donald.MyJ21nxo_QQ.15.mp4,Neutral
beto.dzbPwgKsHbY.20.mp4,Neutral
donald.O9__G3I0Mc0.02.mp4,Negative
amy.HGvqJI2MC6U.01.mp4,Positive
elizabeth.UG220dcifxg.01.mp4,Positive
cory.bvSfBCCJPfg.13.mp4,Neutral
kamala.AgVLVRmGVXE.00.mp4,Positive
pete.u5NzxlSSl-4.29.mp4,Neutral
cory.Mu717xfFPVI.05.mp4,Negative
joe.oM10W_hLaS8.21.mp4,Positive
andrew.0k9pOXSfy0E.33.mp4,Positive
julian.ceYazOAJE28.00.mp4,Neutral
julian.ceYazOAJE28.16.mp4,Neutral
kamala.a0Kf9YIXSVk.17.mp4,Neutral
joe.Ja7e3tUwdJA.09.mp4,Positive
andrew.vnpWKgRX1Mc.00.mp4,Negative
bernie.NZ_WulgST3U.05.mp4,Neutral
beto.dzbPwgKsHbY.19.mp4,Neutral
bernie.NZ_WulgST3U.10.mp4,Neutral
beto.dzbPwgKsHbY.26.mp4,Neutral
andrew.50aDxO2uscs.37.mp4,Neutral
donald.h7q5PSYH4Xk.16.mp4,Negative
julian.PjfV5Blj3vY.00.mp4,Neutral
amy.Sm_NnVrD88M.03.mp4,Positive
andrew.0k9pOXSfy0E.08.mp4,Neutral
kamala.VKBs2GQNlGw.00.mp4,Positive
beto.yi3qMl8QwWw.02.mp4,Neutral
bernie.7VqoVR08T_4.00.mp4,Negative
donald.DIf_vjjmupA.00.mp4,Negative
kamala.XiorcQd7tzQ.05.mp4,Neutral
andrew.50aDxO2uscs.14.mp4,Neutral
donald.QqVYRTHJ8Rw.02.mp4,Positive
beto.4o1y_dbkriw.03.mp4,Neutral
donald.h7q5PSYH4Xk.02.mp4,Negative
julian.UlqLOzIUW_U.09.mp4,Neutral
bernie.RPZVxKBLHiw.14.mp4,Negative
bernie.jNHOwtt2OoE.07.mp4,Neutral
julian.UQ8coqfQYm0.00.mp4,Positive
bernie.jNHOwtt2OoE.06.mp4,Neutral
kamala.VKBs2GQNlGw.13.mp4,Negative
beto.1ZG6pku_pWY.18.mp4,Positive
joe.SFAHcLh5Dl0.15.mp4,Negative
andrew.Ln6NhfUZPqQ.02.mp4,Positive
joe.E9fImaySFgU.00.mp4,Neutral
kamala.wZTL727W8Vw.01.mp4,Neutral
donald.MyJ21nxo_QQ.18.mp4,Neutral
donald.QqVYRTHJ8Rw.03.mp4,Neutral
amy.yBJ9NAOUG1c.00.v.mp4,Positive
pete.zFDTkD3A7vU.04.mp4,Neutral
amy.m2E6HWZQ8nM.07.mp4,Positive
joe.Gm2RFvTZOiA.01.mp4,Neutral
bernie.LHzoeuSrJ8Y.00.mp4,Negative
kamala.a0Kf9YIXSVk.10.mp4,Negative
julian.QtsE34OY0mw.09.mp4,Neutral
bernie.bmsbpmI1Ty4.00.mp4,Neutral
beto.lMZ1EjVyAAE.02.mp4,Neutral
beto.-fQyfFNSVZg.04.mp4,Neutral
donald.MyJ21nxo_QQ.08.mp4,Negative
elizabeth.3_Zu30C92CY.02.mp4,Negative
elizabeth.9-DJBZ1I4Vw.11.mp4,Neutral
donald.MyJ21nxo_QQ.20.mp4,Negative
andrew.0k9pOXSfy0E.13.mp4,Neutral
pete.u5NzxlSSl-4.16.mp4,Neutral
andrew.50aDxO2uscs.27.mp4,Neutral
kamala.Yf5L9khuWjU.00.mp4,Positive
julian.QtsE34OY0mw.23.mp4,Neutral
kamala.wZTL727W8Vw.02.mp4,Negative
kamala.aTO3DQ-MxIQ.15.mp4,Positive
beto.vwu_srxJOWg.04.mp4,Neutral
cory.Mu717xfFPVI.01.mp4,Negative
kamala.2i-gy7dyHz0.00.mp4,Neutral
joe.SFAHcLh5Dl0.03.mp4,Negative
cory.Mu717xfFPVI.00.mp4,Negative
pete.u5NzxlSSl-4.32.mp4,Neutral
cory.usrMK84gxVQ.02.mp4,Negative
pete.xBokmGo4vrg.16.mp4,Neutral
andrew.cJrKz9V5Ltg.03.mp4,Neutral
amy.Wo2HTDy3l_Q.00.v.mp4,Positive
beto.-fQyfFNSVZg.16.mp4,Negative
joe.SFAHcLh5Dl0.12.mp4,Negative
pete.L-_IBA1UA3k.02.mp4,Positive
beto.DXIklJWTn6Y.05.mp4,Positive
andrew.2sUNZbNxQSc.00.mp4,Positive
beto.lMVhL6OOuR0.07.mp4,Neutral
bernie.AYbXDV1S6Zk.00.mp4,Neutral
joe.oM10W_hLaS8.02.mp4,Neutral
cory.5k8wnrVOnik.23.mp4,Neutral
amy.fa3i2imvs7k.00.v.mp4,Positive
cory.aAgmc8ixaB8.01.mp4,Positive
cory.dMjPUUOPjz4.01.mp4,Positive
bernie.DE5He8qo_so.01.mp4,Negative
beto.dmKecHbkCQk.02.mp4,Negative
cory.FJJkA7xSBBE.00.mp4,Positive
julian.477uCCKSg3Q.00.mp4,Neutral
andrew.HjgqqsbJ8Ms.00.mp4,Positive
elizabeth.wrbtH3y52mU.03.mp4,Negative
elizabeth.9-DJBZ1I4Vw.20.mp4,Positive
cory.dQlA_CPBfnY.00.mp4,Neutral
cory.5k8wnrVOnik.24.mp4,Neutral
cory.Mu717xfFPVI.04.mp4,Negative
andrew.0k9pOXSfy0E.12.mp4,Neutral
julian.ceYazOAJE28.08.mp4,Neutral
beto.MdoaVn7gtEI.00.mp4,Neutral
cory.jaXt8gMKctk.02.mp4,Positive
beto.MdoaVn7gtEI.01.mp4,Neutral
donald.MyJ21nxo_QQ.25.mp4,Neutral
elizabeth.go_ELOsVPWg.00.mp4,Negative
kamala.aTO3DQ-MxIQ.00.mp4,Negative
kamala.6FMXI0DmDik.00.mp4,Positive
donald.3bEqkOTJ9eA.21.mp4,Neutral
donald.h7q5PSYH4Xk.15.mp4,Negative
andrew.0k9pOXSfy0E.11.mp4,Neutral
donald.3bEqkOTJ9eA.13.mp4,Negative
bernie.CdjNtrJexmU.00.mp4,Negative
amy.ov_6JM6Sceg.00.mp4,Positive
pete.u5NzxlSSl-4.27.mp4,Neutral
bernie.RPZVxKBLHiw.15.mp4,Negative
kamala.2i-gy7dyHz0.04.mp4,Positive
joe.Ja7e3tUwdJA.16.mp4,Neutral
kamala.uzAdNs8oXZo.01.mp4,Neutral
amy.IIrv5o2i_Hs.03.mp4,Positive
pete.z85rKK-HoRI.05.mp4,Positive
bernie.q8urUcjXsTA.02.mp4,Positive
amy.HGvqJI2MC6U.00.mp4,Positive
amy.DpmOY2m27jY.07.mp4,Positive
andrew.DPbXKhScDEI.08.mp4,Neutral
joe.SFAHcLh5Dl0.20.mp4,Neutral
kamala.aTO3DQ-MxIQ.06.mp4,Negative
joe.TLlewQ1CiM0.01.mp4,Negative
cory.1L57pOuUCKQ.02.mp4,Positive
beto.QPYEIBtW-0w.00.mp4,Neutral
julian.ceYazOAJE28.22.mp4,Neutral
andrew.0k9pOXSfy0E.06.mp4,Positive
donald.h7q5PSYH4Xk.12.mp4,Neutral
amy.HGvqJI2MC6U.02.mp4,Positive
joe.oM10W_hLaS8.07.mp4,Neutral
donald.MyJ21nxo_QQ.13.mp4,Negative
elizabeth.h4WIQJtJL6A.15.mp4,Neutral
julian.QtsE34OY0mw.00.mp4,Neutral
julian.QtsE34OY0mw.06.mp4,Neutral
beto.ReO55QnFy4M.00.mp4,Neutral
amy.IIrv5o2i_Hs.10.mp4,Positive
andrew.crU72vuhWTk.02.mp4,Neutral
beto.dzbPwgKsHbY.18.mp4,Neutral
donald.O9__G3I0Mc0.04.mp4,Neutral
donald.aEzmj9yZw2w.02.mp4,Neutral
andrew.50aDxO2uscs.17.mp4,Neutral
cory.bvSfBCCJPfg.20.mp4,Neutral
amy.9TwHGr4BCkE.08.mp4,Negative
pete.iJBGlThAQY4.02.mp4,Neutral
kamala.VKBs2GQNlGw.07.mp4,Positive
beto.1ZG6pku_pWY.24.mp4,Positive
joe.Gm2RFvTZOiA.02.mp4,Neutral
beto.dmKecHbkCQk.01.mp4,Neutral
pete.u5NzxlSSl-4.34.mp4,Neutral
donald.QqVYRTHJ8Rw.05.mp4,Neutral
elizabeth.DAWD1M_EpO8.00.mp4,Negative
pete.u5NzxlSSl-4.23.mp4,Neutral
joe.oM10W_hLaS8.11.mp4,Neutral
elizabeth.kLOmBE6cQB4.00.mp4,Positive
beto.1ZG6pku_pWY.17.mp4,Positive
elizabeth.9-DJBZ1I4Vw.06.mp4,Positive
joe.DVv3KGe6sBE.00.mp4,Neutral
elizabeth.h4WIQJtJL6A.03.mp4,Neutral
cory.5k8wnrVOnik.04.mp4,Neutral
julian.ceYazOAJE28.13.mp4,Neutral
beto.dzbPwgKsHbY.31.mp4,Negative
cory.c6aVnXmrlyc.04.mp4,Positive
elizabeth.9DUNIRi4QVI.00.mp4,Neutral
beto.-fQyfFNSVZg.17.mp4,Neutral
bernie.q9W6lkIz8jU.04.mp4,Neutral
beto.1ZG6pku_pWY.22.mp4,Neutral
donald.3bEqkOTJ9eA.11.mp4,Negative
donald.MyJ21nxo_QQ.09.mp4,Negative
beto.1ZG6pku_pWY.21.mp4,Neutral
donald.h7q5PSYH4Xk.14.mp4,Negative
kamala.aTO3DQ-MxIQ.19.mp4,Positive
pete.xBokmGo4vrg.02.mp4,Neutral
cory.5k8wnrVOnik.20.mp4,Neutral
andrew.0k9pOXSfy0E.24.mp4,Neutral
beto.dmKecHbkCQk.05.mp4,Negative
kamala.2i-gy7dyHz0.03.mp4,Negative
donald.MyJ21nxo_QQ.14.mp4,Neutral
amy.HGvqJI2MC6U.18.mp4,Neutral
joe.Ja7e3tUwdJA.08.mp4,Positive
cory.c6aVnXmrlyc.06.mp4,Positive
cory.1L57pOuUCKQ.01.mp4,Negative
pete.iJBGlThAQY4.06.mp4,Neutral
beto.esizfD25YKU.01.mp4,Neutral
beto.MdoaVn7gtEI.04.mp4,Neutral
julian.QtsE34OY0mw.05.mp4,Negative
cory.XmZkY-MCXSI.02.mp4,Negative
donald.QqVYRTHJ8Rw.06.mp4,Positive
pete.u5NzxlSSl-4.01.mp4,Neutral
pete.xBokmGo4vrg.09.mp4,Positive
donald.3bEqkOTJ9eA.18.mp4,Negative
cory.-QYyNjaEyEc.02.mp4,Positive
donald.h7q5PSYH4Xk.13.mp4,Neutral
andrew.P6T4c7B22r0.00.mp4,Neutral
cory.5k8wnrVOnik.17.mp4,Neutral
kamala.01NsSWa4BLU.02.mp4,Positive
donald.vy1BnqbTWGw.00.mp4,Neutral
bernie.bmsbpmI1Ty4.04.mp4,Negative
amy.oa7Dr6ZoDl0.00.v.mp4,Neutral
julian.ceYazOAJE28.18.mp4,Neutral
amy.DpmOY2m27jY.02.mp4,Positive
andrew.cTsEzmFamZ8.02.mp4,Positive
elizabeth.DAWD1M_EpO8.02.mp4,Negative
amy.rx85Mp_iZhk.01.v.mp4,Negative
bernie.0N9_4jx3ZvM.00.mp4,Negative
pete.P_Wp6aN02Tg.00.mp4,Neutral
kamala.2i-gy7dyHz0.06.mp4,Positive
donald.3mRDW3X4k9k.00.mp4,Negative
cory.1L57pOuUCKQ.00.mp4,Positive
donald.MyJ21nxo_QQ.19.mp4,Neutral
julian.6yshOTXby04.02.mp4,Neutral
donald.MyJ21nxo_QQ.24.mp4,Negative
elizabeth.h4WIQJtJL6A.11.mp4,Neutral
bernie.xqxREep-3Nc.02.mp4,Neutral
amy.HGvqJI2MC6U.08.mp4,Neutral
bernie.jNHOwtt2OoE.13.mp4,Negative
pete.BVWdUT-4PMw.03.mp4,Positive
andrew.50aDxO2uscs.19.mp4,Neutral
kamala.6FMXI0DmDik.01.mp4,Positive
andrew.Ln6NhfUZPqQ.00.mp4,Positive
pete.u5NzxlSSl-4.24.mp4,Neutral
julian.QtsE34OY0mw.02.mp4,Neutral
cory.5k8wnrVOnik.07.mp4,Neutral
amy.jPAZGixSU8U.00.v.mp4,Neutral
cory.5PtJqHHB-vY.00.mp4,Positive
elizabeth.2YBSzFmtK_s.07.mp4,Negative
pete.u5NzxlSSl-4.15.mp4,Neutral
donald.xa7MY2_pmxU.02.mp4,Neutral
kamala.01NsSWa4BLU.03.mp4,Neutral
julian.ceYazOAJE28.05.mp4,Neutral
joe.Ja7e3tUwdJA.14.mp4,Negative
elizabeth.jfRUrV2z6nM.00.mp4,Negative
kamala.-Sx_89JAvss.01.mp4,Negative
andrew.50aDxO2uscs.29.mp4,Positive
kamala.nrc0-K3U0MQ.03.mp4,Negative
elizabeth.wrbtH3y52mU.01.mp4,Negative
donald.MyJ21nxo_QQ.16.mp4,Negative
joe.HWTs_uSFkco.00.mp4,Positive
pete.9JuDyoLsdpg.02.mp4,Neutral
elizabeth.2YBSzFmtK_s.01.mp4,Negative
joe.E9fImaySFgU.02.mp4,Positive
cory.mfkRcqbnZuc.01.mp4,Negative
julian.UlqLOzIUW_U.11.mp4,Neutral
andrew.iqiZCFkVoRU.00.mp4,Neutral
beto.H3ZQ62v165I.01.mp4,Neutral
kamala.XiorcQd7tzQ.09.mp4,Positive
beto.-fQyfFNSVZg.09.mp4,Negative
donald.MyJ21nxo_QQ.22.mp4,Neutral
donald.FEpwkaJQh1k.02.mp4,Neutral
bernie.q9W6lkIz8jU.06.mp4,Negative
donald.DIf_vjjmupA.06.mp4,Negative
beto.lMVhL6OOuR0.05.mp4,Negative
julian.PjfV5Blj3vY.01.mp4,Negative
elizabeth.9-DJBZ1I4Vw.24.mp4,Neutral
julian.6yshOTXby04.01.mp4,Neutral
andrew.0k9pOXSfy0E.17.mp4,Positive
julian.ceYazOAJE28.04.mp4,Neutral
julian.3KzmsMOoP6Y.02.mp4,Positive
cory.PwqAXyOQ-9I.00.mp4,Neutral
amy.DpmOY2m27jY.00.mp4,Neutral
kamala.aTO3DQ-MxIQ.10.mp4,Positive
andrew.crU72vuhWTk.05.mp4,Positive
amy.m2E6HWZQ8nM.00.mp4,Positive
cory.usrMK84gxVQ.00.mp4,Positive
andrew.50aDxO2uscs.18.mp4,Negative
beto.dzbPwgKsHbY.04.mp4,Neutral
amy.9TwHGr4BCkE.16.mp4,Positive
pete.BVWdUT-4PMw.02.mp4,Positive
joe.Hh__w1FA548.00.mp4,Positive
amy.IIrv5o2i_Hs.08.mp4,Positive
donald.DIf_vjjmupA.04.mp4,Negative
kamala.01NsSWa4BLU.04.mp4,Positive
andrew.50aDxO2uscs.15.mp4,Neutral
pete.z85rKK-HoRI.13.mp4,Positive
donald.MyJ21nxo_QQ.10.mp4,Neutral
amy.dQlA_CPBfnY.00.v.mp4,Neutral
bernie.bmsbpmI1Ty4.02.mp4,Negative
bernie.jNHOwtt2OoE.02.mp4,Neutral
elizabeth.psHtEQD1scU.02.mp4,Positive
joe.SFAHcLh5Dl0.07.mp4,Negative
beto.dzbPwgKsHbY.35.mp4,Positive
donald.3bEqkOTJ9eA.20.mp4,Neutral
julian.Xg6M6smFXBo.16.mp4,Neutral
joe.7CQm0D6o9jg.01.mp4,Positive
beto.H3ZQ62v165I.00.mp4,Positive
beto.dmKecHbkCQk.06.mp4,Neutral
julian.UlqLOzIUW_U.00.mp4,Negative
elizabeth.ioufILxIU0w.01.mp4,Negative
joe.oM10W_hLaS8.08.mp4,Negative
kamala.YsAQfqU7Y2U.06.mp4,Negative
amy.m2E6HWZQ8nM.04.mp4,Positive
pete.u5NzxlSSl-4.13.mp4,Neutral
kamala.nrc0-K3U0MQ.00.mp4,Positive
kamala.VKBs2GQNlGw.02.mp4,Positive
donald.O9__G3I0Mc0.09.mp4,Negative
beto.E5HybqvdaI0.02.mp4,Neutral
elizabeth.GQ6JnsTEUXw.00.mp4,Negative
pete.z85rKK-HoRI.01.mp4,Neutral
kamala.a0Kf9YIXSVk.13.mp4,Negative
joe.0MBydpVL4-k.13.mp4,Neutral
julian.UlqLOzIUW_U.20.mp4,Negative
bernie.NZ_WulgST3U.06.mp4,Neutral
donald.h7q5PSYH4Xk.10.mp4,Negative
amy.4xD6Ec4g5N0.00.v.mp4,Positive
cory.bvSfBCCJPfg.04.mp4,Negative
pete.xBokmGo4vrg.14.mp4,Positive
bernie.vw5E6F2_Xng.02.mp4,Negative
elizabeth.4FnMuKUYWOE.00.mp4,Positive
cory.dMjPUUOPjz4.00.mp4,Positive
amy.Z3nQ8ld64YE.00.v.mp4,Positive
kamala.a0Kf9YIXSVk.19.mp4,Negative
joe.oM10W_hLaS8.17.mp4,Neutral
kamala.VKBs2GQNlGw.14.mp4,Neutral
beto.vwu_srxJOWg.03.mp4,Positive
elizabeth.h4WIQJtJL6A.20.mp4,Neutral
cory.5k8wnrVOnik.02.mp4,Neutral
elizabeth.Bx0Jr9yOSu4.00.mp4,Neutral
pete.u5NzxlSSl-4.02.mp4,Positive
pete.u5NzxlSSl-4.18.mp4,Neutral
bernie.jNHOwtt2OoE.19.mp4,Neutral
kamala.aTO3DQ-MxIQ.13.mp4,Positive
amy.HGvqJI2MC6U.20.mp4,Neutral
elizabeth.9-DJBZ1I4Vw.12.mp4,Negative
cory.Mu717xfFPVI.06.mp4,Negative
bernie.DE5He8qo_so.00.mp4,Neutral
bernie.bmsbpmI1Ty4.03.mp4,Neutral
julian.6yshOTXby04.00.mp4,Neutral
amy.HGvqJI2MC6U.22.mp4,Neutral
donald.3mRDW3X4k9k.03.mp4,Neutral
joe.9oPGIG9Q2v8.00.mp4,Positive
donald.h7q5PSYH4Xk.09.mp4,Negative
pete.0_NpcT-wzE8.02.mp4,Neutral
donald.xEYnAL3q0Tc.00.mp4,Negative
bernie.jNHOwtt2OoE.17.mp4,Neutral
joe.SFAHcLh5Dl0.09.mp4,Negative
beto.4o1y_dbkriw.01.mp4,Positive
elizabeth.9-DJBZ1I4Vw.18.mp4,Neutral
beto.dzbPwgKsHbY.22.mp4,Positive
elizabeth.wrbtH3y52mU.00.mp4,Neutral
kamala.HU4OMUzZvYc.01.mp4,Positive
elizabeth.2YBSzFmtK_s.09.mp4,Negative
joe.SFAHcLh5Dl0.17.mp4,Negative
elizabeth.9-DJBZ1I4Vw.26.mp4,Neutral
julian.ceYazOAJE28.03.mp4,Neutral
cory.bvSfBCCJPfg.08.mp4,Neutral
beto.DXIklJWTn6Y.00.mp4,Neutral
bernie.RPZVxKBLHiw.05.mp4,Neutral
bernie.NZ_WulgST3U.17.mp4,Neutral
bernie.NZ_WulgST3U.02.mp4,Neutral
bernie.bmsbpmI1Ty4.21.mp4,Neutral
donald.3bEqkOTJ9eA.17.mp4,Negative
andrew.50aDxO2uscs.28.mp4,Neutral
donald.h7q5PSYH4Xk.06.mp4,Neutral
julian.ceYazOAJE28.20.mp4,Neutral
joe.Ja7e3tUwdJA.01.mp4,Negative
julian.ceYazOAJE28.14.mp4,Neutral
julian.ceYazOAJE28.01.mp4,Neutral
andrew.vnpWKgRX1Mc.01.mp4,Neutral
elizabeth.psHtEQD1scU.01.mp4,Neutral
bernie.NZ_WulgST3U.12.mp4,Neutral
amy.9TwHGr4BCkE.17.mp4,Positive
kamala.a0Kf9YIXSVk.11.mp4,Neutral
elizabeth.9-DJBZ1I4Vw.08.mp4,Positive
kamala.-Sx_89JAvss.00.mp4,Negative
elizabeth.fVsGgzhfugw.00.mp4,Neutral
beto.-fQyfFNSVZg.02.mp4,Positive
kamala.aTO3DQ-MxIQ.05.mp4,Negative
julian.UlqLOzIUW_U.17.mp4,Neutral
beto.dzbPwgKsHbY.38.mp4,Neutral
bernie.jNHOwtt2OoE.05.mp4,Neutral
beto.-fQyfFNSVZg.11.mp4,Positive
cory.iCdmEsRWkx8.01.mp4,Positive
elizabeth.9-DJBZ1I4Vw.10.mp4,Positive
cory.bvSfBCCJPfg.22.mp4,Neutral
cory.5k8wnrVOnik.10.mp4,Neutral
pete.xBokmGo4vrg.04.mp4,Positive
andrew.50aDxO2uscs.16.mp4,Positive
donald.9Ct43xvDYDE.03.mp4,Neutral
joe.93Ma8CX6Jzo.01.mp4,Neutral
andrew.crU72vuhWTk.04.mp4,Neutral
andrew.0k9pOXSfy0E.14.mp4,Neutral
bernie.bmsbpmI1Ty4.18.mp4,Neutral
amy.IIrv5o2i_Hs.05.mp4,Positive
joe.SFAHcLh5Dl0.22.mp4,Negative
joe.oM10W_hLaS8.19.mp4,Neutral
julian.UlqLOzIUW_U.15.mp4,Neutral
julian.vHYeaWVLWkA.01.mp4,Neutral
beto.-fQyfFNSVZg.07.mp4,Neutral
kamala.YsAQfqU7Y2U.05.mp4,Negative
beto.dmKecHbkCQk.03.mp4,Neutral
bernie.RPZVxKBLHiw.04.mp4,Neutral
elizabeth.2YBSzFmtK_s.00.mp4,Neutral
donald.O9__G3I0Mc0.06.mp4,Negative
julian.Xg6M6smFXBo.15.mp4,Positive
amy.IIrv5o2i_Hs.00.mp4,Positive
amy.9TwHGr4BCkE.12.mp4,Positive
cory.bvSfBCCJPfg.00.mp4,Positive
amy.HGvqJI2MC6U.10.mp4,Neutral
pete.xBokmGo4vrg.13.mp4,Neutral
kamala.YsAQfqU7Y2U.00.mp4,Neutral
julian.UlqLOzIUW_U.13.mp4,Neutral
julian.Xg6M6smFXBo.13.mp4,Neutral
bernie.bmsbpmI1Ty4.01.mp4,Neutral
julian.Xg6M6smFXBo.14.mp4,Neutral
joe.2UWVO0Trd1c.01.mp4,Negative
beto.4o1y_dbkriw.00.mp4,Neutral
amy.DpmOY2m27jY.03.mp4,Positive
amy.HGvqJI2MC6U.09.mp4,Positive
amy.HGvqJI2MC6U.11.mp4,Neutral
pete.xBokmGo4vrg.03.mp4,Positive
elizabeth.9-DJBZ1I4Vw.22.mp4,Neutral
joe.oM10W_hLaS8.09.mp4,Neutral
pete.9JuDyoLsdpg.03.mp4,Positive
kamala.oUh_vkgm6_A.01.mp4,Negative
donald.QqVYRTHJ8Rw.04.mp4,Positive
julian.QtsE34OY0mw.03.mp4,Neutral
beto.dzbPwgKsHbY.37.mp4,Positive
andrew.50aDxO2uscs.10.mp4,Neutral
bernie.NZ_WulgST3U.00.mp4,Neutral
elizabeth.DAWD1M_EpO8.01.mp4,Neutral
elizabeth.ccxXIjhqOEk.00.mp4,Neutral
julian.Nm-9UHKo9kg.00.mp4,Neutral
amy.6z3MDEzAYA4.00.v.mp4,Positive
amy.d1O1JAMnS1U.00.v.mp4,Positive
cory.ZA8dHJ-Q0Eg.01.mp4,Positive
joe.Gm2RFvTZOiA.05.mp4,Positive
pete.u5NzxlSSl-4.11.mp4,Neutral
cory.c6aVnXmrlyc.03.mp4,Positive
pete.xBokmGo4vrg.01.mp4,Positive
bernie.MoS1HNU5PwQ.00.mp4,Negative
joe.SFAHcLh5Dl0.00.mp4,Neutral
beto.dzbPwgKsHbY.01.mp4,Neutral
bernie.oeIRVKY7mdc.00.mp4,Neutral
cory.nreRabrTZkU.01.mp4,Positive
kamala.VKBs2GQNlGw.09.mp4,Positive
cory.5k8wnrVOnik.11.mp4,Neutral
elizabeth.9-DJBZ1I4Vw.04.mp4,Positive
elizabeth.9-DJBZ1I4Vw.25.mp4,Neutral
donald.MyJ21nxo_QQ.21.mp4,Negative
pete.u5NzxlSSl-4.22.mp4,Neutral
beto.-fQyfFNSVZg.10.mp4,Positive
kamala.YsAQfqU7Y2U.07.mp4,Positive
pete.u5NzxlSSl-4.06.mp4,Neutral
elizabeth.h4WIQJtJL6A.01.mp4,Neutral
donald.h7q5PSYH4Xk.05.mp4,Negative
beto.yW1HPoqqB_8.00.mp4,Neutral
kamala.VKBs2GQNlGw.05.mp4,Positive
joe.SFAHcLh5Dl0.13.mp4,Negative
cory.bvSfBCCJPfg.18.mp4,Neutral
pete.BVWdUT-4PMw.05.mp4,Neutral
pete.xBokmGo4vrg.05.mp4,Positive
andrew.kOzlyrutVJA.00.mp4,Positive
bernie.jNHOwtt2OoE.10.mp4,Neutral
amy.9TwHGr4BCkE.06.mp4,Negative
andrew.0k9pOXSfy0E.23.mp4,Positive
julian.3KzmsMOoP6Y.04.mp4,Neutral
bernie.NZ_WulgST3U.14.mp4,Neutral
donald.xEYnAL3q0Tc.01.mp4,Neutral
elizabeth.2kunAd7t5e8.02.mp4,Neutral
elizabeth.h4WIQJtJL6A.08.mp4,Neutral
joe.Ja7e3tUwdJA.04.mp4,Positive
cory.iCdmEsRWkx8.00.mp4,Neutral
pete.z85rKK-HoRI.03.mp4,Positive
bernie.vw5E6F2_Xng.00.mp4,Positive
elizabeth.Jrr6JjLjM8E.00.mp4,Positive
beto.E5HybqvdaI0.00.mp4,Positive
amy.jUTEfKfzFcY.01.v.mp4,Neutral
cory.c6aVnXmrlyc.07.mp4,Neutral
beto.yW1HPoqqB_8.02.mp4,Neutral
elizabeth.h4WIQJtJL6A.09.mp4,Neutral
elizabeth.h4WIQJtJL6A.16.mp4,Neutral
bernie.bmsbpmI1Ty4.20.mp4,Neutral
cory.bvSfBCCJPfg.24.mp4,Negative
elizabeth.h4WIQJtJL6A.23.mp4,Neutral
pete.BVWdUT-4PMw.00.mp4,Neutral
kamala.YsAQfqU7Y2U.01.mp4,Positive
donald.FEpwkaJQh1k.00.mp4,Neutral
cory.bvSfBCCJPfg.21.mp4,Neutral
cory.bvSfBCCJPfg.16.mp4,Neutral
cory.bvSfBCCJPfg.25.mp4,Neutral
julian.QtsE34OY0mw.17.mp4,Neutral
amy.CclOKgUE_gY.00.v.mp4,Neutral
amy.m2E6HWZQ8nM.08.mp4,Positive
donald.9Ct43xvDYDE.04.mp4,Neutral
bernie.RPZVxKBLHiw.01.mp4,Positive
cory.5k8wnrVOnik.01.mp4,Neutral
joe.SFAHcLh5Dl0.11.mp4,Neutral
julian.3KzmsMOoP6Y.01.mp4,Positive
bernie.vw5E6F2_Xng.01.mp4,Negative
andrew.E7DP_Q8eDt4.00.mp4,Neutral
andrew.crU72vuhWTk.01.mp4,Neutral
amy.HGvqJI2MC6U.15.mp4,Positive
donald.MyJ21nxo_QQ.06.mp4,Neutral
kamala.nrc0-K3U0MQ.02.mp4,Neutral
joe.SZbCvfTQdcM.03.mp4,Neutral
elizabeth.oCtaLzYw4sw.03.mp4,Negative
bernie.CmwqmqXdggE.00.mp4,Neutral
pete.iJBGlThAQY4.03.mp4,Neutral
kamala.a0Kf9YIXSVk.05.mp4,Neutral
joe.oM10W_hLaS8.22.mp4,Neutral
bernie.RPZVxKBLHiw.13.mp4,Negative
beto.-fQyfFNSVZg.00.mp4,Neutral
julian.Xg6M6smFXBo.11.mp4,Neutral
beto.DXIklJWTn6Y.03.mp4,Neutral
cory.bvSfBCCJPfg.03.mp4,Neutral
andrew.0k9pOXSfy0E.07.mp4,Neutral
kamala.2i-gy7dyHz0.07.mp4,Positive
elizabeth.9-DJBZ1I4Vw.23.mp4,Neutral
pete.u5NzxlSSl-4.41.mp4,Neutral
pete.u5NzxlSSl-4.42.mp4,Neutral
joe.SZbCvfTQdcM.02.mp4,Neutral
cory.-QYyNjaEyEc.01.mp4,Positive
andrew.50aDxO2uscs.21.mp4,Neutral
andrew.50aDxO2uscs.09.mp4,Neutral
cory.c6aVnXmrlyc.00.mp4,Positive
donald.DIf_vjjmupA.01.mp4,Negative
andrew.50aDxO2uscs.40.mp4,Neutral
pete.P_Wp6aN02Tg.02.mp4,Neutral
amy.ov_6JM6Sceg.06.mp4,Neutral
joe.SFAHcLh5Dl0.04.mp4,Neutral
amy.m2E6HWZQ8nM.02.mp4,Neutral
beto.dzbPwgKsHbY.42.mp4,Neutral
beto.dzbPwgKsHbY.21.mp4,Neutral
julian.Xg6M6smFXBo.18.mp4,Neutral
joe.Ja7e3tUwdJA.11.mp4,Neutral
amy.HGvqJI2MC6U.21.mp4,Positive
amy.NVvhFjMwLDk.00.v.mp4,Positive
beto.4o1y_dbkriw.02.mp4,Neutral
pete.zFDTkD3A7vU.03.mp4,Positive
beto.DXIklJWTn6Y.06.mp4,Neutral
elizabeth.9-DJBZ1I4Vw.27.mp4,Negative
andrew.50aDxO2uscs.08.mp4,Neutral
donald.MyJ21nxo_QQ.01.mp4,Neutral
amy.HGvqJI2MC6U.12.mp4,Neutral
elizabeth.h4WIQJtJL6A.12.mp4,Neutral
kamala.a0Kf9YIXSVk.15.mp4,Negative
donald.QqVYRTHJ8Rw.08.mp4,Positive
joe.Ja7e3tUwdJA.12.mp4,Neutral
kamala.aTO3DQ-MxIQ.16.mp4,Negative
joe.0MBydpVL4-k.09.mp4,Neutral
beto.lMVhL6OOuR0.01.mp4,Neutral
amy.Sm_NnVrD88M.00.v.mp4,Positive
kamala.qA2hQwVkyUU.00.mp4,Neutral
pete.7AmYtvNw-tM.00.mp4,Neutral
cory.JRh3vrqnv_M.00.mp4,Positive
julian.ceYazOAJE28.06.mp4,Neutral
julian.rMKU-5AupA.00.mp4,Positive
beto.lMZ1EjVyAAE.05.mp4,Neutral
pete.iJBGlThAQY4.11.mp4,Neutral
kamala.VKBs2GQNlGw.12.mp4,Positive
cory.bvSfBCCJPfg.19.mp4,Neutral
andrew.0k9pOXSfy0E.19.mp4,Positive
elizabeth.2YBSzFmtK_s.06.mp4,Negative
kamala.xviWrgt21-k.00.mp4,Positive
andrew.0k9pOXSfy0E.18.mp4,Neutral
donald.3mRDW3X4k9k.02.mp4,Neutral
amy.Sm_NnVrD88M.00.mp4,Positive
amy.HGvqJI2MC6U.25.mp4,Positive
kamala.XiorcQd7tzQ.04.mp4,Neutral
pete.u5NzxlSSl-4.04.mp4,Neutral
andrew.0k9pOXSfy0E.21.mp4,Neutral
donald.O9__G3I0Mc0.03.mp4,Neutral
pete.z85rKK-HoRI.11.mp4,Positive
beto.dzbPwgKsHbY.33.mp4,Neutral
amy.9TwHGr4BCkE.03.mp4,Positive
bernie.bmsbpmI1Ty4.09.mp4,Neutral
julian.NZmuLVQB2x4.01.mp4,Neutral
donald.MyJ21nxo_QQ.12.mp4,Neutral
bernie.gE6r4j-1E_o.00.mp4,Neutral
amy.IIrv5o2i_Hs.02.mp4,Positive
julian.UlqLOzIUW_U.21.mp4,Neutral
joe.Ja7e3tUwdJA.07.mp4,Neutral
andrew.uytQGl5GV3E.01.mp4,Positive
andrew.0k9pOXSfy0E.22.mp4,Neutral
pete.u5NzxlSSl-4.17.mp4,Neutral
beto.-fQyfFNSVZg.13.mp4,Neutral
amy.9TwHGr4BCkE.15.mp4,Positive
julian.UlqLOzIUW_U.04.mp4,Neutral
kamala.nrc0-K3U0MQ.01.mp4,Negative
bernie.RPZVxKBLHiw.00.mp4,Neutral
amy.m2E6HWZQ8nM.06.mp4,Positive
elizabeth.3_Zu30C92CY.03.mp4,Negative
bernie.q9W6lkIz8jU.03.mp4,Neutral
donald.xEYnAL3q0Tc.03.mp4,Negative
joe.TLlewQ1CiM0.02.mp4,Positive
julian.vHYeaWVLWkA.00.mp4,Positive
cory.5k8wnrVOnik.22.mp4,Positive
pete.u5NzxlSSl-4.40.mp4,Neutral
elizabeth.9-DJBZ1I4Vw.19.mp4,Neutral
beto.dzbPwgKsHbY.34.mp4,Neutral
elizabeth.kLOmBE6cQB4.01.mp4,Neutral
kamala.VKBs2GQNlGw.20.mp4,Negative
bernie.bmsbpmI1Ty4.07.mp4,Neutral
donald.MyJ21nxo_QQ.27.mp4,Neutral
pete.u5NzxlSSl-4.25.mp4,Neutral
andrew.50aDxO2uscs.42.mp4,Neutral
joe.7wfrtnGV27k.00.mp4,Neutral
donald.9Ct43xvDYDE.01.mp4,Neutral
julian.YhQNm51njZo.01.mp4,Neutral
beto.lMVhL6OOuR0.06.mp4,Neutral
amy.IIrv5o2i_Hs.01.mp4,Positive
elizabeth.3_Zu30C92CY.00.mp4,Positive
amy.9TwHGr4BCkE.11.mp4,Positive
julian.vHYeaWVLWkA.02.mp4,Neutral
pete.tKblMV3U3As.00.mp4,Positive
kamala.a0Kf9YIXSVk.18.mp4,Neutral
beto.dzbPwgKsHbY.41.mp4,Neutral
julian.1kTI8XGAKnk.02.mp4,Positive
kamala.a0Kf9YIXSVk.12.mp4,Neutral
bernie.bmsbpmI1Ty4.19.mp4,Negative
pete.V6G7nlHs3ZM.00.mp4,Neutral
pete.u5NzxlSSl-4.28.mp4,Neutral
cory.UnhMDsdV5Ow.00.mp4,Positive
joe.oM10W_hLaS8.16.mp4,Neutral
joe.Ja7e3tUwdJA.17.mp4,Neutral
pete.z85rKK-HoRI.07.mp4,Positive
cory.c6aVnXmrlyc.01.mp4,Positive
amy.IIrv5o2i_Hs.06.mp4,Positive
cory.aAgmc8ixaB8.00.mp4,Positive
cory.5k8wnrVOnik.15.mp4,Positive
pete.u5NzxlSSl-4.21.mp4,Neutral
elizabeth.3_Zu30C92CY.01.mp4,Neutral
kamala.aTO3DQ-MxIQ.07.mp4,Negative
donald.MyJ21nxo_QQ.26.mp4,Neutral
julian.3KzmsMOoP6Y.00.mp4,Positive
amy.9TwHGr4BCkE.09.mp4,Positive
julian.DwKwWmwL-mY.02.mp4,Neutral
cory.Mu717xfFPVI.02.mp4,Positive
kamala.nrc0-K3U0MQ.04.mp4,Negative
julian.UlqLOzIUW_U.10.mp4,Neutral
pete.V6G7nlHs3ZM.01.mp4,Neutral
cory.5k8wnrVOnik.09.mp4,Neutral
kamala.VKBs2GQNlGw.08.mp4,Neutral
amy.D-mLMZLnJ0I.00.v.mp4,Positive
andrew.9NgkJLDxob8.00.mp4,Neutral
beto.MdoaVn7gtEI.03.mp4,Neutral
donald.vy1BnqbTWGw.01.mp4,Negative
julian.UlqLOzIUW_U.01.mp4,Positive
andrew.50aDxO2uscs.39.mp4,Neutral
andrew.SBeKD3tBEws.00.mp4,Positive
pete.z85rKK-HoRI.08.mp4,Positive
bernie.ffajiFXOX-A.00.mp4,Neutral
donald.xEYnAL3q0Tc.02.mp4,Neutral
elizabeth.9-DJBZ1I4Vw.21.mp4,Positive
amy.rx85Mp_iZhk.00.v.mp4,Positive
amy.HGvqJI2MC6U.17.mp4,Positive
amy.jGC29xPJyLU.00.v.mp4,Positive
julian.UlqLOzIUW_U.08.mp4,Negative
pete.u5NzxlSSl-4.09.mp4,Neutral
pete.zFDTkD3A7vU.01.mp4,Neutral
andrew.0k9pOXSfy0E.29.mp4,Positive
joe.oM10W_hLaS8.18.mp4,Neutral
julian.ceYazOAJE28.15.mp4,Neutral
amy.HGvqJI2MC6U.13.mp4,Neutral
kamala.YsAQfqU7Y2U.02.mp4,Neutral
joe.SFAHcLh5Dl0.21.mp4,Neutral
pete.xBokmGo4vrg.15.mp4,Neutral
pete.u5NzxlSSl-4.07.mp4,Positive
donald.DIf_vjjmupA.05.mp4,Negative
amy.IIrv5o2i_Hs.09.mp4,Positive
kamala.01NsSWa4BLU.05.mp4,Negative
elizabeth.h4WIQJtJL6A.17.mp4,Neutral
julian.QtsE34OY0mw.10.mp4,Neutral
andrew.50aDxO2uscs.32.mp4,Neutral
cory.5k8wnrVOnik.14.mp4,Neutral
elizabeth.2YBSzFmtK_s.08.mp4,Negative
pete.L-_IBA1UA3k.00.mp4,Neutral
andrew.DPbXKhScDEI.06.mp4,Neutral
amy.m2E6HWZQ8nM.01.mp4,Positive
amy.9TwHGr4BCkE.18.mp4,Positive
joe.SFAHcLh5Dl0.18.mp4,Neutral
cory.5k8wnrVOnik.06.mp4,Neutral
bernie.NZ_WulgST3U.11.mp4,Neutral
kamala.XiorcQd7tzQ.07.mp4,Positive
joe.oM10W_hLaS8.15.mp4,Negative
amy.HGvqJI2MC6U.07.mp4,Positive
kamala.VKBs2GQNlGw.04.mp4,Positive
pete.0_NpcT-wzE8.00.mp4,Neutral
julian.UlqLOzIUW_U.03.mp4,Neutral
kamala.VKBs2GQNlGw.15.mp4,Positive
kamala.VKBs2GQNlGw.19.mp4,Negative
elizabeth.kLOmBE6cQB4.02.mp4,Negative
donald.O9__G3I0Mc0.05.mp4,Negative
donald.3mRDW3X4k9k.04.mp4,Neutral
donald.9Ct43xvDYDE.02.mp4,Neutral
julian.QtsE34OY0mw.16.mp4,Neutral
elizabeth.9-DJBZ1I4Vw.15.mp4,Negative
elizabeth.GQ6JnsTEUXw.01.mp4,Neutral
pete.L-_IBA1UA3k.03.mp4,Positive
joe.Ja7e3tUwdJA.06.mp4,Negative
joe.E9fImaySFgU.03.mp4,Neutral
pete.u5NzxlSSl-4.00.mp4,Positive
amy.ov_6JM6Sceg.07.mp4,Neutral
beto.lMVhL6OOuR0.03.mp4,Neutral
donald.3bEqkOTJ9eA.14.mp4,Neutral
cory.bvSfBCCJPfg.23.mp4,Neutral
beto.-fQyfFNSVZg.05.mp4,Neutral
pete.z85rKK-HoRI.09.mp4,Positive
elizabeth.ioufILxIU0w.02.mp4,Negative
cory.tRXvQ3PQDiY.01.mp4,Negative
kamala.aTO3DQ-MxIQ.12.mp4,Positive
joe.2UWVO0Trd1c.00.mp4,Negative
julian.vqoxERft6J4.01.mp4,Neutral
joe.SFAHcLh5Dl0.23.mp4,Neutral
julian.QtsE34OY0mw.19.mp4,Neutral
cory.5k8wnrVOnik.13.mp4,Positive
pete.0_NpcT-wzE8.01.mp4,Neutral
donald.DIf_vjjmupA.02.mp4,Negative
cory.bvSfBCCJPfg.07.mp4,Neutral
andrew.50aDxO2uscs.24.mp4,Neutral
amy.9TwHGr4BCkE.04.mp4,Neutral
bernie.RPZVxKBLHiw.11.mp4,Negative
elizabeth.HLyP3_xrnKo.01.mp4,Positive
bernie.IWeRqqYModc.00.mp4,Neutral
amy.DpmOY2m27jY.10.mp4,Neutral
kamala.XiorcQd7tzQ.00.mp4,Positive
joe.FiPVOx-cAfQ.01.mp4,Neutral
bernie.jNHOwtt2OoE.00.mp4,Neutral
joe.oM10W_hLaS8.06.mp4,Neutral
elizabeth.wrbtH3y52mU.05.mp4,Neutral
andrew.50aDxO2uscs.41.mp4,Neutral
kamala.aTO3DQ-MxIQ.09.mp4,Negative
beto.dzbPwgKsHbY.39.mp4,Neutral
kamala.2heqqCYCR2s.00.mp4,Negative
elizabeth.oCtaLzYw4sw.00.mp4,Positive
pete.z85rKK-HoRI.10.mp4,Positive
joe.93Ma8CX6Jzo.00.mp4,Neutral
amy.DpmOY2m27jY.09.mp4,Neutral
amy.dk_CtCK8v7E.00.v.mp4,Neutral
beto.lMZ1EjVyAAE.04.mp4,Negative
kamala.YsAQfqU7Y2U.03.mp4,Neutral
pete.u5NzxlSSl-4.33.mp4,Neutral
cory.bvSfBCCJPfg.06.mp4,Neutral
joe.0MBydpVL4-k.11.mp4,Neutral
beto.vwu_srxJOWg.00.mp4,Neutral
joe.SFAHcLh5Dl0.26.mp4,Neutral
donald.DIf_vjjmupA.03.mp4,Negative
cory.HzhQcNJ8v9o.00.mp4,Positive
pete.P_Wp6aN02Tg.01.mp4,Neutral
beto.dzbPwgKsHbY.02.mp4,Positive
donald.xa7MY2_pmxU.01.mp4,Positive
pete.xBokmGo4vrg.07.mp4,Neutral
joe.0MBydpVL4-k.10.mp4,Neutral
bernie.e2UXkQmSQE4.00.mp4,Positive
julian.UlqLOzIUW_U.18.mp4,Neutral
kamala.VKBs2GQNlGw.01.mp4,Positive
amy.ov_6JM6Sceg.04.mp4,Neutral
beto.dzbPwgKsHbY.29.mp4,Neutral
andrew.Ln6NhfUZPqQ.04.mp4,Neutral
bernie.NZ_WulgST3U.16.mp4,Negative
cory.CmUwvdmgOhA.00.mp4,Neutral
elizabeth.9-DJBZ1I4Vw.01.mp4,Positive
joe.oM10W_hLaS8.12.mp4,Neutral
pete.u5NzxlSSl-4.03.mp4,Neutral
andrew.50aDxO2uscs.34.mp4,Neutral
donald.h7q5PSYH4Xk.07.mp4,Neutral
andrew.50aDxO2uscs.36.mp4,Neutral
beto.dzbPwgKsHbY.03.mp4,Neutral
beto.ReO55QnFy4M.01.mp4,Neutral
donald.h7q5PSYH4Xk.11.mp4,Neutral
bernie.bmsbpmI1Ty4.13.mp4,Neutral
elizabeth.h4WIQJtJL6A.22.mp4,Neutral
beto.dzbPwgKsHbY.30.mp4,Neutral
julian.ceYazOAJE28.11.mp4,Neutral
pete.iJBGlThAQY4.01.mp4,Neutral
joe.SFAHcLh5Dl0.05.mp4,Neutral
elizabeth.UG220dcifxg.00.mp4,Negative
beto.-fQyfFNSVZg.15.mp4,Neutral
bernie.RPZVxKBLHiw.09.mp4,Neutral
pete.9JuDyoLsdpg.05.mp4,Neutral
andrew.Ln6NhfUZPqQ.05.mp4,Neutral
elizabeth.9-DJBZ1I4Vw.00.mp4,Positive
pete.u5NzxlSSl-4.37.mp4,Neutral
andrew.50aDxO2uscs.12.mp4,Neutral
julian.GTQgJg08934.00.mp4,Negative
pete.z85rKK-HoRI.12.mp4,Neutral
beto.dzbPwgKsHbY.28.mp4,Neutral
beto.1ZG6pku_pWY.19.mp4,Neutral
elizabeth.oCtaLzYw4sw.04.mp4,Negative
cory.bvSfBCCJPfg.14.mp4,Neutral
bernie.jNHOwtt2OoE.01.mp4,Neutral
cory.dQlA_CPBfnY.01.mp4,Positive
beto.MdoaVn7gtEI.05.mp4,Neutral
cory.VaC8g8GxZZc.00.mp4,Positive
joe.yMIF-zD7D1g.00.mp4,Negative
bernie.NZ_WulgST3U.07.mp4,Neutral
pete.xBokmGo4vrg.08.mp4,Positive
joe.Ja7e3tUwdJA.10.mp4,Neutral
cory.5k8wnrVOnik.16.mp4,Positive
amy.HGvqJI2MC6U.19.mp4,Neutral
amy.Sm_NnVrD88M.02.mp4,Positive
andrew.E7DP_Q8eDt4.01.mp4,Positive
cory.CmUwvdmgOhA.01.mp4,Neutral
andrew.nDWwRWYP3_U.02.mp4,Neutral
cory.Mu717xfFPVI.07.mp4,Negative
elizabeth.oCtaLzYw4sw.01.mp4,Positive
julian.QtsE34OY0mw.11.mp4,Neutral
beto.-fQyfFNSVZg.12.mp4,Neutral
andrew.nlt3nyZdnmI.00.mp4,Neutral
joe.SFAHcLh5Dl0.06.mp4,Neutral
joe.oM10W_hLaS8.00.mp4,Neutral
elizabeth.2kunAd7t5e8.01.mp4,Positive
andrew.50aDxO2uscs.33.mp4,Neutral
joe.SFAHcLh5Dl0.08.mp4,Neutral
kamala.xviWrgt21-k.01.mp4,Positive
bernie.NZ_WulgST3U.08.mp4,Neutral
julian.UlqLOzIUW_U.22.mp4,Neutral
elizabeth.K6N0X-dw4do.01.mp4,Neutral
joe.Ja7e3tUwdJA.05.mp4,Neutral
elizabeth.9-DJBZ1I4Vw.16.mp4,Positive
julian.Xg6M6smFXBo.17.mp4,Neutral
donald.MyJ21nxo_QQ.03.mp4,Neutral
elizabeth.9-DJBZ1I4Vw.28.mp4,Neutral
amy.HGvqJI2MC6U.23.mp4,Neutral
donald.MyJ21nxo_QQ.11.mp4,Neutral
pete.u5NzxlSSl-4.08.mp4,Neutral
julian.ceYazOAJE28.23.mp4,Neutral
beto.-fQyfFNSVZg.01.mp4,Positive
kamala.uzAdNs8oXZo.00.mp4,Negative
andrew.cTsEzmFamZ8.00.mp4,Positive
beto.dmKecHbkCQk.00.mp4,Neutral
pete.iJBGlThAQY4.12.mp4,Neutral
kamala.XiorcQd7tzQ.06.mp4,Positive
bernie.NZ_WulgST3U.03.mp4,Neutral
joe.TLlewQ1CiM0.00.mp4,Negative
cory.5k8wnrVOnik.25.mp4,Neutral
elizabeth.h4WIQJtJL6A.00.mp4,Neutral
joe.oM10W_hLaS8.03.mp4,Neutral
cory.bvSfBCCJPfg.10.mp4,Neutral
pete.zFDTkD3A7vU.00.mp4,Neutral
joe.Ja7e3tUwdJA.15.mp4,Neutral
kamala.aTO3DQ-MxIQ.11.mp4,Neutral
kamala.aTO3DQ-MxIQ.14.mp4,Positive
bernie.jNHOwtt2OoE.08.mp4,Neutral
julian.vqoxERft6J4.00.mp4,Positive
cory.bvSfBCCJPfg.12.mp4,Neutral
cory.nreRabrTZkU.00.mp4,Neutral
julian.1kTI8XGAKnk.03.mp4,Positive
joe.oM10W_hLaS8.23.mp4,Neutral
amy.jUTEfKfzFcY.00.v.mp4,Neutral
bernie.xqxREep-3Nc.01.mp4,Neutral
donald.3bEqkOTJ9eA.24.mp4,Negative
beto.lMZ1EjVyAAE.00.mp4,Positive
donald.xEYnAL3q0Tc.04.mp4,Neutral
donald.MyJ21nxo_QQ.00.mp4,Neutral
amy.loIFpooBsmE.00.v.mp4,Positive
elizabeth.HLyP3_xrnKo.00.mp4,Positive
julian.UlqLOzIUW_U.14.mp4,Neutral
bernie.NPls2ka9zOY.00.mp4,Neutral
elizabeth.h4WIQJtJL6A.02.mp4,Neutral
donald.O9__G3I0Mc0.00.mp4,Neutral
joe.SFAHcLh5Dl0.27.mp4,Neutral
donald.h7q5PSYH4Xk.03.mp4,Neutral
elizabeth.9-DJBZ1I4Vw.03.mp4,Positive
beto.DXIklJWTn6Y.01.mp4,Neutral
julian.ceYazOAJE28.07.mp4,Neutral
joe.Ja7e3tUwdJA.03.mp4,Neutral
kamala.2i-gy7dyHz0.01.mp4,Negative
elizabeth.h4WIQJtJL6A.05.mp4,Neutral
andrew.0k9pOXSfy0E.28.mp4,Neutral
julian.QtsE34OY0mw.07.mp4,Neutral
andrew.50aDxO2uscs.25.mp4,Neutral
pete.9JuDyoLsdpg.01.mp4,Positive
andrew.50aDxO2uscs.22.mp4,Neutral
elizabeth.K6N0X-dw4do.00.mp4,Neutral
elizabeth.psHtEQD1scU.00.mp4,Neutral
bernie.cfpwoVROJBo.01.mp4,Neutral
joe.SFAHcLh5Dl0.14.mp4,Neutral
amy.HGvqJI2MC6U.06.mp4,Neutral
beto.-fQyfFNSVZg.03.mp4,Neutral
julian.DwKwWmwL-mY.00.mp4,Neutral
cory.jaXt8gMKctk.03.mp4,Positive
cory.5k8wnrVOnik.05.mp4,Neutral
bernie.jNHOwtt2OoE.18.mp4,Neutral
beto.E5HybqvdaI0.01.mp4,Neutral
amy.dqqlZ9ukyjA.00.v.mp4,Positive
beto.lMVhL6OOuR0.02.mp4,Neutral
donald.aEzmj9yZw2w.01.mp4,Neutral
amy.65TkrBa1sdU.00.v.mp4,Positive
andrew.hz_H4g-AfBQ.00.mp4,Neutral
bernie.0N9_4jx3ZvM.01.mp4,Neutral
bernie.bmsbpmI1Ty4.10.mp4,Neutral
pete.u5NzxlSSl-4.14.mp4,Neutral
joe.SFAHcLh5Dl0.02.mp4,Negative
amy.jQQ6iwceKec.00.mp4,Neutral
julian.1kTI8XGAKnk.01.mp4,Neutral
bernie.RPZVxKBLHiw.06.mp4,Neutral
elizabeth.2YBSzFmtK_s.04.mp4,Negative
joe.oM10W_hLaS8.14.mp4,Neutral
kamala.VKBs2GQNlGw.10.mp4,Positive
andrew.DPbXKhScDEI.07.mp4,Neutral
andrew.RnzicxnN4Mo.00.mp4,Positive
amy.DpmOY2m27jY.06.mp4,Positive
elizabeth.oCtaLzYw4sw.02.mp4,Positive
elizabeth.ioufILxIU0w.00.mp4,Negative
joe.7wfrtnGV27k.01.mp4,Positive
elizabeth.kiXs7mi1DJ4.00.mp4,Neutral
kamala.XiorcQd7tzQ.01.mp4,Positive
elizabeth.h4WIQJtJL6A.04.mp4,Neutral
elizabeth.h4WIQJtJL6A.24.mp4,Neutral
amy.DpmOY2m27jY.05.mp4,Neutral
bernie.NZ_WulgST3U.13.mp4,Negative
bernie.q9W6lkIz8jU.02.mp4,Negative
elizabeth.0Kybc1tWkC4.00.mp4,Negative
bernie.jNHOwtt2OoE.15.mp4,Neutral
julian.DwKwWmwL-mY.01.mp4,Neutral
donald.h7q5PSYH4Xk.08.mp4,Negative
cory.bvSfBCCJPfg.05.mp4,Neutral
andrew.uytQGl5GV3E.00.mp4,Positive
andrew.nDWwRWYP3_U.00.mp4,Positive
joe.Ja7e3tUwdJA.00.mp4,Neutral
kamala.a0Kf9YIXSVk.06.mp4,Neutral
elizabeth.2YBSzFmtK_s.05.mp4,Neutral
andrew.DPbXKhScDEI.01.mp4,Positive
cory.5k8wnrVOnik.18.mp4,Positive
julian.ceYazOAJE28.21.mp4,Neutral
cory.iCdmEsRWkx8.04.mp4,Neutral
amy.ov_6JM6Sceg.03.mp4,Positive
beto.lMZ1EjVyAAE.01.mp4,Neutral
bernie.bmsbpmI1Ty4.14.mp4,Negative
amy.ov_6JM6Sceg.02.mp4,Positive
kamala.aTO3DQ-MxIQ.17.mp4,Negative
donald.h7q5PSYH4Xk.04.mp4,Negative
pete.iJBGlThAQY4.04.mp4,Negative
cory.tRXvQ3PQDiY.00.mp4,Negative
beto.-fQyfFNSVZg.06.mp4,Negative
julian.QtsE34OY0mw.18.mp4,Neutral
joe.oM10W_hLaS8.13.mp4,Neutral
bernie.KF3LNkWhtq8.00.mp4,Negative
andrew.AWgI9NM6jP4.00.mp4,Negative
joe.SFAHcLh5Dl0.01.mp4,Neutral
julian.UlqLOzIUW_U.06.mp4,Neutral
julian.UlqLOzIUW_U.07.mp4,Negative
kamala.aTO3DQ-MxIQ.18.mp4,Positive
julian.UlqLOzIUW_U.05.mp4,Neutral
amy.m2E6HWZQ8nM.03.mp4,Neutral
julian.QtsE34OY0mw.12.mp4,Neutral
joe.E9fImaySFgU.01.mp4,Negative
donald.3bEqkOTJ9eA.12.mp4,Negative
cory.hMR1sGNlHqo.02.mp4,Negative
donald.O9__G3I0Mc0.08.mp4,Negative
joe.2UWVO0Trd1c.03.mp4,Negative
donald.3bEqkOTJ9eA.10.mp4,Neutral
julian.QtsE34OY0mw.15.mp4,Neutral
andrew.0k9pOXSfy0E.30.mp4,Neutral
elizabeth.9-DJBZ1I4Vw.17.mp4,Positive
julian.QtsE34OY0mw.13.mp4,Neutral
cory.usrMK84gxVQ.01.mp4,Negative
amy.IIrv5o2i_Hs.04.mp4,Positive
elizabeth.h4WIQJtJL6A.19.mp4,Negative
bernie.d58HnPWJGCw.00.mp4,Negative
amy.9TwHGr4BCkE.07.mp4,Positive
pete.tKblMV3U3As.01.mp4,Positive
donald.h7q5PSYH4Xk.18.mp4,Neutral
beto.dzbPwgKsHbY.32.mp4,Neutral
cory.bvSfBCCJPfg.15.mp4,Neutral
pete.iJBGlThAQY4.13.mp4,Neutral
cory.bvSfBCCJPfg.17.mp4,Neutral
bernie.TLeGj7kZ2I0.00.mp4,Negative
andrew.50aDxO2uscs.35.mp4,Neutral
amy.DpmOY2m27jY.01.mp4,Neutral
bernie.bmsbpmI1Ty4.05.mp4,Negative
bernie.RPZVxKBLHiw.02.mp4,Positive
bernie.gC8x27PzQ84.00.mp4,Neutral
kamala.aTO3DQ-MxIQ.03.mp4,Negative
donald.DIf_vjjmupA.08.mp4,Neutral
joe.FiPVOx-cAfQ.00.mp4,Negative
bernie.RPZVxKBLHiw.10.mp4,Negative
pete.u5NzxlSSl-4.39.mp4,Neutral
elizabeth.2YBSzFmtK_s.03.mp4,Negative
joe.Ja7e3tUwdJA.13.mp4,Neutral
bernie.xqxREep-3Nc.00.mp4,Negative
andrew.DPbXKhScDEI.00.mp4,Neutral
kamala.aTO3DQ-MxIQ.01.mp4,Negative
bernie.jNHOwtt2OoE.09.mp4,Neutral
beto.-fQyfFNSVZg.14.mp4,Negative
pete.xBokmGo4vrg.00.mp4,Neutral
donald.3bEqkOTJ9eA.19.mp4,Neutral
joe.FiPVOx-cAfQ.02.mp4,Negative
beto.vwu_srxJOWg.02.mp4,Negative
kamala.XiorcQd7tzQ.02.mp4,Negative
elizabeth.h4WIQJtJL6A.26.mp4,Neutral
kamala.VKBs2GQNlGw.18.mp4,Negative
julian.ceYazOAJE28.17.mp4,Neutral
beto.dzbPwgKsHbY.25.mp4,Neutral
bernie.QFlLjoqher0.00.mp4,Neutral
amy.IIrv5o2i_Hs.07.mp4,Positive
donald.O9__G3I0Mc0.10.mp4,Neutral
cory.bvSfBCCJPfg.01.mp4,Neutral
elizabeth.h4WIQJtJL6A.13.mp4,Neutral
cory.5k8wnrVOnik.08.mp4,Positive
bernie.jNHOwtt2OoE.16.mp4,Neutral
andrew.eVyUgylQYyI.00.mp4,Neutral
pete.z85rKK-HoRI.04.mp4,Positive
elizabeth.h4WIQJtJL6A.18.mp4,Negative
elizabeth.9-DJBZ1I4Vw.14.mp4,Positive
bernie.jNHOwtt2OoE.11.mp4,Negative
donald.MyJ21nxo_QQ.02.mp4,Neutral
donald.MyJ21nxo_QQ.17.mp4,Neutral
donald.aEzmj9yZw2w.00.mp4,Neutral
joe.Gm2RFvTZOiA.03.mp4,Positive
donald.xa7MY2_pmxU.03.mp4,Neutral
pete.u5NzxlSSl-4.20.mp4,Neutral
kamala.XiorcQd7tzQ.08.mp4,Positive
bernie.0N9_4jx3ZvM.02.mp4,Negative
pete.u5NzxlSSl-4.31.mp4,Neutral
andrew.DPbXKhScDEI.04.mp4,Positive
pete.iJBGlThAQY4.05.mp4,Neutral
elizabeth.2kunAd7t5e8.00.mp4,Positive
bernie.bmsbpmI1Ty4.16.mp4,Negative
kamala.aTO3DQ-MxIQ.02.mp4,Neutral
joe.93Ma8CX6Jzo.02.mp4,Neutral
bernie.NZ_WulgST3U.15.mp4,Neutral
bernie.bmsbpmI1Ty4.06.mp4,Neutral
andrew.DPbXKhScDEI.05.mp4,Neutral
beto.esizfD25YKU.00.mp4,Positive
elizabeth.9-DJBZ1I4Vw.09.mp4,Positive
joe.Gm2RFvTZOiA.00.mp4,Neutral
kamala.aTO3DQ-MxIQ.04.mp4,Negative
julian.qPdQL5jT0KA.00.mp4,Neutral
donald.h7q5PSYH4Xk.01.mp4,Neutral
bernie.NZ_WulgST3U.01.mp4,Negative
bernie.RPZVxKBLHiw.03.mp4,Positive
joe.Ja7e3tUwdJA.18.mp4,Neutral
joe.SFAHcLh5Dl0.16.mp4,Neutral
donald.MyJ21nxo_QQ.07.mp4,Negative
julian.3KzmsMOoP6Y.06.mp4,Negative
pete.u5NzxlSSl-4.26.mp4,Neutral
joe.oM10W_hLaS8.01.mp4,Neutral
beto.lMVhL6OOuR0.00.mp4,Neutral
joe.SFAHcLh5Dl0.10.mp4,Negative
julian.Xg6M6smFXBo.12.mp4,Neutral
kamala.UoYcfJfL0I4.00.mp4,Positive
andrew.DPbXKhScDEI.03.mp4,Positive
bernie.q9W6lkIz8jU.00.mp4,Neutral
amy.s5TGkY4isS4.00.v.mp4,Positive
pete.xBokmGo4vrg.12.mp4,Neutral
beto.dzbPwgKsHbY.36.mp4,Neutral
andrew.0k9pOXSfy0E.31.mp4,Neutral
beto.-fQyfFNSVZg.08.mp4,Neutral
donald.3bEqkOTJ9eA.16.mp4,Negative
bernie.bmsbpmI1Ty4.12.mp4,Neutral
bernie.q8urUcjXsTA.01.mp4,Negative
amy.Z3nQ8ld64YE.01.v.mp4,Positive
julian.3KzmsMOoP6Y.05.mp4,Positive
bernie.bmsbpmI1Ty4.22.mp4,Negative
amy.r5V1WubFQvI.00.v.mp4,Positive
pete.u5NzxlSSl-4.38.mp4,Neutral
bernie.uMiM6XonnPM.00.mp4,Neutral
donald.O9__G3I0Mc0.01.mp4,Negative
julian.UlqLOzIUW_U.02.mp4,Neutral
pete.u5NzxlSSl-4.19.mp4,Neutral
joe.SFAHcLh5Dl0.19.mp4,Negative
amy.Sm_NnVrD88M.01.v.mp4,Neutral
andrew.iqiZCFkVoRU.01.mp4,Neutral
amy.et8OM7Ly5yw.00.v.mp4,Neutral
andrew.Ln6NhfUZPqQ.01.mp4,Positive
beto.yW1HPoqqB_8.01.mp4,Neutral
amy.m2E6HWZQ8nM.05.mp4,Neutral
amy.DpmOY2m27jY.04.mp4,Positive
julian.ceYazOAJE28.19.mp4,Neutral
elizabeth.wrbtH3y52mU.06.mp4,Negative
andrew.0k9pOXSfy0E.26.mp4,Neutral
cory.nWk94KlI5hI.00.mp4,Negative
kamala.a0Kf9YIXSVk.03.mp4,Neutral
julian.1kTI8XGAKnk.00.mp4,Positive
elizabeth.h4WIQJtJL6A.25.mp4,Neutral
amy.65TkrBa1sdU.01.v.mp4,Neutral
beto.dmKecHbkCQk.04.mp4,Neutral
andrew.cJrKz9V5Ltg.00.mp4,Neutral
amy.HGvqJI2MC6U.04.mp4,Neutral
andrew.50aDxO2uscs.26.mp4,Neutral
bernie.XuI10dasQDY.00.mp4,Negative
andrew.0k9pOXSfy0E.32.mp4,Neutral
andrew.cTsEzmFamZ8.01.mp4,Positive
pete.V6G7nlHs3ZM.02.mp4,Neutral
amy.4xD6Ec4g5N0.01.v.mp4,Positive
beto.H3ZQ62v165I.02.mp4,Negative
beto.DXIklJWTn6Y.02.mp4,Neutral
joe.oM10W_hLaS8.05.mp4,Neutral
beto.1ZG6pku_pWY.23.mp4,Neutral
joe.DVv3KGe6sBE.01.mp4,Neutral
andrew.0w8qpKhZR2s.00.mp4,Negative
bernie.bmsbpmI1Ty4.15.mp4,Negative
pete.u5NzxlSSl-4.36.mp4,Neutral
bernie.bmsbpmI1Ty4.23.mp4,Negative
bernie.q9W6lkIz8jU.01.mp4,Neutral
donald.QqVYRTHJ8Rw.01.mp4,Positive
donald.3bEqkOTJ9eA.15.mp4,Neutral
donald.O9__G3I0Mc0.07.mp4,Neutral
joe.Gm2RFvTZOiA.04.mp4,Negative
cory.tRXvQ3PQDiY.02.mp4,Negative
pete.BVWdUT-4PMw.01.mp4,Positive
cory.XmZkY-MCXSI.01.mp4,Negative
kamala.GRGtnw3Ie14.01.mp4,Positive
beto.lMZ1EjVyAAE.06.mp4,Negative
bernie.cfpwoVROJBo.00.mp4,Negative
pete.z85rKK-HoRI.14.mp4,Positive
kamala.VKBs2GQNlGw.21.mp4,Positive
joe.SZbCvfTQdcM.00.mp4,Neutral
cory.5k8wnrVOnik.03.mp4,Neutral
joe.Ja7e3tUwdJA.02.mp4,Neutral
pete.zFDTkD3A7vU.02.mp4,Positive
joe.0MBydpVL4-k.12.mp4,Negative
julian.QtsE34OY0mw.21.mp4,Neutral
julian.PjfV5Blj3vY.02.mp4,Negative
donald.h7q5PSYH4Xk.17.mp4,Neutral
julian.ceYazOAJE28.12.mp4,Neutral
andrew.DPbXKhScDEI.02.mp4,Positive
kamala.VKBs2GQNlGw.06.mp4,Positive
andrew.0k9pOXSfy0E.34.mp4,Neutral
pete.z85rKK-HoRI.00.mp4,Negative
cory.jaXt8gMKctk.00.mp4,Positive
elizabeth.Bx0Jr9yOSu4.01.mp4,Positive
julian.QtsE34OY0mw.14.mp4,Negative
bernie.q8urUcjXsTA.00.mp4,Neutral
cory.XmZkY-MCXSI.00.mp4,Positive
amy.8-bpNaKUupk.01.mp4,Neutral
andrew.50aDxO2uscs.43.mp4,Neutral
joe.0MBydpVL4-k.08.mp4,Neutral
andrew.Yi1uWd4ZGQI.00.mp4,Positive
donald.MyJ21nxo_QQ.05.mp4,Negative
andrew.50aDxO2uscs.11.mp4,Neutral
elizabeth.h4WIQJtJL6A.21.mp4,Neutral
elizabeth.GQ6JnsTEUXw.02.mp4,Negative
bernie.RPZVxKBLHiw.07.mp4,Positive
andrew.50aDxO2uscs.38.mp4,Neutral
kamala.oUh_vkgm6_A.00.mp4,Negative
kamala.wZTL727W8Vw.00.mp4,Positive
beto.esizfD25YKU.02.mp4,Neutral
pete.u5NzxlSSl-4.10.mp4,Neutral
pete.9JuDyoLsdpg.04.mp4,Neutral
donald.9Ct43xvDYDE.00.mp4,Neutral
